labels,smiles
1,COc1cc2c(cc1OC)C1CC(=O)C(CC(C)C)CN1CC2
1,CCc1cc(C(C)=NOCc2ccc(C3CCCCC3)c(C(F)(F)F)c2)ccc1CN1CC(C(=O)O)C1
1,CC1CN(c2c(F)c(N)c3c(=O)c(C(=O)O)cn(C4CC4)c3c2F)CC(C)N1
1,Cc1ccc(C)c(OCCCC(C)(C)C(=O)O)c1
1,CCN(C)C(=O)Oc1cccc(C(C)N(C)C)c1
1,CC1COc2c(N3CCN(C)CC3)c(F)cc3c(=O)c(C(=O)O)cn1c23
1,CCCCCCC(=O)OC1CCC2C3CCC4=CC(=O)CCC4(C)C3CCC12C
0,Nc1nc(C(=CCC(=O)O)C(=O)NC2C(=O)N3C(C(=O)O)=CCSC23)cs1
1,CC(CC(c1ccccc1)c1ccccc1)NC(C)(C)C
1,CC(C)(O)CNc1nc(Nc2ccnc(C(F)(F)F)c2)nc(-c2cccc(C(F)(F)F)n2)n1
0,O=C(O)CNC(=O)c1ccccc1
1,O=C1CCC2(O)C3Cc4ccc(O)c5c4C2(CCN3CC2CC2)C1O5
1,Cc1cccc(C)c1OCC(C)N
1,CCc1ccc(CCOc2ccc(CC3SC(=O)NC3=O)cc2)nc1
1,Clc1cccc(Cl)c1NC1=NCCN1
1,CC(C)COc1ccc(CNC(=O)N(Cc2ccc(F)cc2)C2CCN(C)CC2)cc1
1,Cc1ccsc1C(=CCCN1CCCC(C(=O)O)C1)c1sccc1C
1,COc1ccc2cc(C(C)C(=O)O)ccc2c1
1,COCCOC(=O)C1=C(C)NC(C)=C(C(=O)OC(C)C)C1c1cccc([N+](=O)[O-])c1
0,O=C1OC(C(O)CO)C(O)=C1O
1,O=P([O-])(O)C(O)(Cc1cccnc1)P(=O)(O)O
1,CC(C)NC(=O)COc1cccc(-c2nc(Nc3ccc4[nH]ncc4c3)c3ccccc3n2)c1
0,COC(=O)C1C(c2ccc(I)cc2)CC2CCC1N2CCCF
1,CN1CCC23c4c5ccc(O)c4OC2C(=O)CCC3C1C5
0,C=CC(N)CCC(=O)O
1,O=C(O)c1cc(-c2ccc(F)cc2F)ccc1O
1,Cn1cnc2c(F)c(Nc3ccc(Br)cc3F)c(C(=O)NOCCO)cc21
1,CCN(CCO)CCCC(C)Nc1ccnc2cc(Cl)ccc12
0,O=C(Nc1ccc(CC2CCC(C(O)c3ccccc3)N2)cc1)C1CCc2nccc(=O)n21
1,COc1cc(N2CCC(N3CCN(C)CC3)CC2)ccc1Nc1ncc(Cl)c(Nc2ccccc2P(C)(C)=O)n1
1,CC12CCC3c4ccc(O)cc4CCC3C1CCC2OC(=O)CCC1CCCC1
1,O=[N+]([O-])OC1COC2C(O)COC12
1,COc1cc2nccc(Oc3ccc(NC(=O)C4(C(=O)Nc5ccc(F)cc5)CC4)cc3)c2cc1OC
0,CCOC(=O)C(N)Cc1ccc(-c2cc(OC(c3ccc(Cl)cc3-n3ccc(C)n3)C(F)(F)F)nc(N)n2)cc1
1,CC(=O)Nc1ccc(O)cc1
1,Nc1nc2[nH]cc(CCc3ccc(C(=O)NC(CCC(=O)[O-])C(=O)[O-])cc3)c2c(=O)[nH]1
1,CN1CCc2cccc3c2C1Cc1ccc(O)c(O)c1-3
0,COC(=O)OCOc1c2n(ccc1=O)N(C1c3ccccc3SCc3c1ccc(F)c3F)C1COCCN1C2=O
1,O=C(O)C(S)C(S)C(=O)O
1,COCCCCC(=NOCCN)c1ccc(C(F)(F)F)cc1
1,CC(C)(N)C(=O)NC(Cc1c[nH]c2ccccc12)C(=O)NC(Cc1c[nH]c2ccccc12)NC=O
1,O=C([O-])CCCc1ccccc1
1,COc1ccc(C2Sc3ccccc3N(CCN(C)C)C(=O)C2OC(C)=O)cc1
0,CC=CC1=C(C(=O)O)N2C(=O)C(NC(=O)C(N)c3ccc(O)cc3)C2SC1
1,CCCCc1nc(Cl)c(CO)n1Cc1ccc(-c2ccccc2-c2nnn[n-]2)cc1
1,CN1CCCC1CCOC(C)(c1ccccc1)c1ccc(Cl)cc1
0,NC(=O)CCC(N)C(=O)O
0,CC(C)OC(=O)OCOP(=O)(COC(C)Cn1cnc2c(N)ncnc21)OCOC(=O)OC(C)C
1,NCCCNCCSP(=O)(O)O
1,Cn1cc(-c2cc3c(N4CCN(c5ncc(C(C)(N)c6ccc(F)cc6)cn5)CC4)ncnn3c2)cn1
0,O=C(NN1C(=O)C2C3C=CC(C4CC34)C2C1=O)c1ccc(C(F)(F)F)cc1
0,CC(C)(C)c1cc(C(C)(C)C)c(NC(=O)c2c[nH]c3ccccc3c2=O)cc1O
1,CC(C)C(=O)Nc1ccc([N+](=O)[O-])c(C(F)(F)F)c1
0,CC12COC(=O)CC1CCC1C2CCC2(C)C1CCC2(C)O
1,CN(C)C(=O)Oc1cccc([N+](C)(C)C)c1
0,O=C(O)c1ccc(-n2nc(-c3ccccc3O)nc2-c2ccccc2O)cc1
1,NC(Cc1ccc(O)cc1)C(=O)O
0,Fc1ccc(-c2ccc3c(c2)[nH]c2ccncc23)cn1
1,CC12CCC(=O)C=C1CCC1C2CCC2(C)C1CCC2(C)O
1,C#CCN(C)C(C)Cc1ccccc1
1,O=c1[nH]c2ccccc2n1CCN1CCN(c2cccc(C(F)(F)F)c2)CC1
1,COC(=O)C1=C(C)NC(C)=C(C(=O)OC(C)C)C1c1cccc2nonc12
0,CC(C)N(CCCCOCC(=O)NS(C)(=O)=O)c1cnc(-c2ccccc2)c(-c2ccccc2)n1
1,CC1=C(CC(=O)O)c2cc(F)ccc2C1=Cc1ccc(S(C)=O)cc1
1,NNCCc1ccccc1
0,COCCCN1CCC(NC(=O)c2cc(Cl)c(N)c3c2OCC3)CC1
1,O=C1CN(N=Cc2ccc([N+](=O)[O-])o2)C(=O)N1
1,Nc1nnc(-c2cccc(Cl)c2Cl)c(N)n1
1,COC(c1ccccc1)(c1ccccc1)C(Oc1nc(C)cc(C)n1)C(=O)O
1,CCCCNc1cc(C(=O)O)cc(S(N)(=O)=O)c1Oc1ccccc1
1,COC(=O)CC(O)(CCCC(C)(C)O)C(=O)OC1C(OC)=CC23CCCN2CCc2cc4c(cc2C13)OCO4
1,CCCN(CCC)CCc1cccc2c1CC(=O)N2
0,CCOC(=O)N1CCC(=C2c3ccc(Cl)cc3CCc3cccnc32)CC1
1,O=C1C2C3CCC(C3)C2C(=O)N1CC1CCCCC1CN1CCN(c2nsc3ccccc23)CC1
0,CCN(c1cc(-c2ccc(CN3CCOCC3)cc2)cc(C(=O)NCc2c(C)cc(C)[nH]c2=O)c1C)C1CCOCC1
1,CCCCCCCCc1ccc(CCC(N)(CO)CO)cc1
0,O=C(Cn1ccnc1[N+](=O)[O-])NCc1ccccc1
0,Nc1ccn(C2CSC(CO)O2)c(=O)n1
0,CC(=O)Nc1nnc(S(N)(=O)=O)s1
0,CC(Nc1ncnc2nc[nH]c12)c1cc2cccc(Cl)c2c(=O)n1-c1ccccc1
1,NC(=O)OC(Cn1ncnn1)c1ccccc1Cl
1,CN(C)CCc1c[nH]c2ccc(CS(=O)(=O)N3CCCC3)cc12
1,O=C1c2c(O)ccc(O)c2C(=O)c2c(NCCNCCO)ccc(NCCNCCO)c21
0,CCC1(c2ccccc2)C(=O)NCNC1=O
0,CC1CCOC2Cn3cc(C(=O)NCc4ccc(F)cc4F)c(=O)c([O-])c3C(=O)N12
1,O=C1NC(c2ccccc2)(c2ccccc2)C(=O)N1COP(=O)([O-])[O-]
1,C=CC[N+]1(C2CC3C4CCC5CC(O)C(N6CCOCC6)CC5(C)C4CCC3(C)C2OC(C)=O)CCCC1
1,CC(Cc1ccccc1)N(C)Cc1ccccc1
1,Cn1c(=O)c2c(ncn2C)n(C)c1=O
1,CN(C)CCC=C1c2ccccc2COc2ccccc21
1,CCN(CC)CCN1C(=O)CN=C(c2ccccc2F)c2cc(Cl)ccc21
1,CN1CCC(NC(=O)Nc2ccc(C#N)cc2)CC1c1nc2ccccc2[nH]1
1,O=C(O)Cc1ccccc1Nc1c(Cl)cccc1Cl
1,CN(C)CCc1c[nH]c2ccc(CC3COC(=O)N3)cc12
1,COc1cccc(N2CCN(C3=Nc4c(F)cccc4C(CC(=O)O)N3c3cc(C(F)(F)F)ccc3OC)CC2)c1
1,NCCCCC(NC(CCc1ccccc1)C(=O)O)C(=O)N1CCCC1C(=O)O
0,O=C([O-])CCC(=O)OCC(NC(=O)C(Cl)Cl)C(O)c1ccc([N+](=O)[O-])cc1
1,NNc1nncc2ccccc12
1,C=CC(=O)Nc1cc(Nc2nccc(-c3cn(C)c4ccccc34)n2)c(OC)cc1N(C)CCN(C)C
1,O=C([O-])CCNC(=O)c1ccc(N=Nc2ccc([O-])c(C(=O)O)c2)cc1
1,C=CC(=O)Nc1cc(Nc2ncc(C(=O)OC(C)C)c(-c3cn(C)c4ccccc34)n2)c(OC)cc1N(C)CCN(C)C
1,CS(=O)(=O)c1ccc(C2=C(c3ccccc3)C(=O)OC2)cc1
1,O=C(O)C1(C(=O)O)CCC1
0,CCC(Nc1ncnc2nc[nH]c12)c1nc2cccc(F)c2c(=O)n1-c1ccccc1
1,CN(C)C(=O)NC1CCC(CCN2CCN(c3cccc(Cl)c3Cl)CC2)CC1
1,CC12CCC3c4ccc(O)cc4CCC3C1CCC2O
1,CNC1(c2ccccc2Cl)CCCCC1=O
1,O=C(Nc1c(Cl)cncc1Cl)c1ccc(OC(F)F)c(OCC2CC2)c1
1,CSc1ccc(OCc2ncc([N+](=O)[O-])n2C)cc1
1,CCN(CC)CCCC(C)Nc1ccnc2cc(Cl)ccc12
1,CC(CN(C)C)C(C)(O)Cc1ccc(Cl)cc1
1,CCCCCCCN(CC)CCCC(O)c1ccc(NS(C)(=O)=O)cc1
0,CC(C)n1nccc1-c1ncccc1COc1cccc(O)c1C=O
0,CCC1(C)CC(=O)NC1=O
1,Cc1[nH]c(=O)c(C#N)cc1-c1ccncc1
1,CC(Cc1cccc(C(F)(F)F)c1)NCCOC(=O)c1ccccc1
1,Cc1c(Cl)c(C)[n+]([O-])c(Cl)c1-c1noc(-c2cc(O)c(O)c([N+](=O)[O-])c2)n1
1,CC(CCc1ccc(O)cc1)NCCc1ccc(O)c(O)c1
0,Nc1nc2c(c(=O)[nH]1)N(C=O)C(CNc1ccc(C(=O)NC(CCC(=O)[O-])C(=O)[O-])cc1)CN2
1,O=[N+]([O-])OC1COC2C(O[N+](=O)[O-])COC12
0,CCOc1ccc(Cc2cc(C3OC(CO)C(O)C(O)C3O)ccc2Cl)cc1
1,CC(O)=C(C#N)C(=O)Nc1ccc(C(F)(F)F)cc1
1,CC12C=CC(=O)C=C1CCC1C2C(O)CC2(C)C1CCC2(O)C(=O)CO
1,O=c1[nH]c2ccccc2n1C1CCN(CCCC(c2ccc(F)cc2)c2ccc(F)cc2)CC1
1,Cc1cc2c(s1)Nc1ccccc1N=C2N1CCN(C)CC1
1,O=C(O)c1cccnc1
1,CC(=O)C1CCC2C3CCC4CC(O)CCC4(C)C3CCC12C
0,CC1(C)SC2C(NC(=O)C(N)c3ccccc3)C(=O)N2C1C(=O)[O-]
1,Cc1nnc(C(C)C)n1C1CC2CCC(C1)N2CCC(NC(=O)C1CCC(F)(F)CC1)c1ccccc1
1,OCC1OC(n2cnc3c2NC=NCC3O)CC1O
0,CC(=O)c1c(C)c2cnc(Nc3ccc(N4CCNCC4)cn3)nc2n(C2CCCC2)c1=O
0,O=C(O)CCCc1ccc(N(CCCl)CCCl)cc1
0,CCN1CCN(c2ccc(Nc3cc(N(C)C(=O)Nc4c(Cl)c(OC)cc(OC)c4Cl)ncn3)cc2)CC1
1,CC(=O)N1CCN(c2ccc(OCC3COC(Cn4ccnc4)(c4ccc(Cl)cc4Cl)O3)cc2)CC1
1,CC(Cc1ccccc1)NC(=O)C(N)CCCCN
1,CCN(CC)CCOC(=O)c1ccc(N)cc1
1,CCCN=C1SC(=Cc2ccc(OCC(O)CO)c(Cl)c2)C(=O)N1c1ccccc1C
1,C#CCNC1CCc2ccccc21
1,Nc1nc(NC2CC2)c2ncn(C3C=CC(CO)C3)c2n1
1,CC1=NS(=O)(=O)c2cc(Cl)ccc2N1
0,OCC1OC(c2ccc(Cl)c(Cc3ccc(OC4CCOC4)cc3)c2)C(O)C(O)C1O
0,NC(CO)(CO)CO
1,COc1ccc(CCN(C)CCCC(C#N)(c2ccc(OC)c(OC)c2)C(C)C)cc1OC
1,CNC(C)C(O)c1ccccc1
1,Nc1ccc(C(=O)O)c(O)c1
1,CCc1cccc2c3c([nH]c12)C(CC)(CC(=O)O)OCC3
1,COCC(NC(C)=O)C(=O)NCc1ccccc1
1,Cc1[nH]c2ccccc2c1CCNCc1ccc(C=CC(=O)NO)cc1
0,Cc1nnc2n1-c1ccc(Cl)cc1C(c1ccccc1Cl)=NC2
1,O=C(CCCN1CC=C(n2c(=O)[nH]c3ccccc32)CC1)c1ccc(F)cc1
1,C[N+]1(CC2CC2)CCC23c4c5ccc(O)c4OC2C(=O)CCC3(O)C1C5
1,CCS(=O)(=O)N1CC(CC#N)(n2cc(-c3ncnc4[nH]ccc34)cn2)C1
1,Cc1cc(C#N)cc(C)c1Oc1nc(Nc2ccc(C#N)cc2)nc(N)c1Br
1,COC1(C(=O)NC(C)c2ccc(-n3cc(F)cn3)nc2)CCC(c2nc(C)cc(Nc3cc(C)[nH]n3)n2)CC1
1,CC(S)C(=O)NCC(=O)O
1,CC(C)(N)Cc1ccc(Cl)cc1
1,CC12CC3CC(C)(C1)CC(N)(C3)C2
1,NC(=O)c1cccc2cn(-c3ccc(C4CCCNC4)cc3)nc12
1,O=C(C1CCCCC1)N1CC(=O)N2CCc3ccccc3C2C1
1,OC(c1cc(C(F)(F)F)nc2c(C(F)(F)F)cccc12)C1CCCCN1
0,Cc1ncc(C[n+]2csc(CCO)c2C)c(N)n1
1,Cc1c(O)cccc1C(=O)NC(CSc1ccccc1)C(O)CN1CC2CCCCC2CC1C(=O)NC(C)(C)C
1,COCC1=C(C(=O)OC(C)OC(=O)OC(C)C)N2C(=O)C(NC(=O)C(=NOC)c3csc(N)n3)C2SC1
0,CN(N=O)C(=O)NC1C(O)OC(CO)C(O)C1O
1,CNCCCC1c2ccccc2C=Cc2ccccc21
0,O=NN(CCCl)C(=O)NC1CCCCC1
1,C[N+]1(C)CCC(OC(=O)C(O)(c2ccccc2)C2CCCC2)C1
1,CC12C=CC(=O)NC1CCC1C2CCC2(C)C(C(=O)Nc3cc(C(F)(F)F)ccc3C(F)(F)F)CCC12
1,COc1ccc(OC)c(C(O)CNC(=O)CN)c1
1,O=C1CN2Cc3c(ccc(Cl)c3Cl)N=C2N1
0,O=C([O-])CCCO
1,CCOc1ccccc1OCC1CNCCO1
0,COC1(NC(=O)C2SC(=C(C(N)=O)C(=O)O)S2)C(=O)N2C(C(=O)O)=C(CSc3nnnn3C)CSC21
1,CCOC(=O)c1cncn1C(C)c1ccccc1
0,CC(=O)Oc1ccccc1C(=O)O
1,CN1CCN(C2=Nc3ccccc3Oc3ccc(Cl)cc32)CC1
1,COc1cc2nc(N3CCN(C(=O)c4ccco4)CC3)nc(N)c2cc1OC
1,CC(C)N(CCC(C(N)=O)(c1ccccc1)c1ccccn1)C(C)C
0,C=C(C)C1CCC(C)=CC1c1c(O)cc(CCCCC)cc1O
1,CCC(C)(C)C(=O)OC1CC(C)C=C2C=CC(C)C(CCC3CC(O)CC(=O)O3)C21
0,CC(C)c1nc(N(C)S(C)(=O)=O)nc(-c2ccc(F)cc2)c1C=CC(O)CC(O)CC(=O)O
1,CNC(C)Cc1ccccc1
1,O=C([O-])P(=O)([O-])[O-]
1,O=c1[nH]cnc2[nH]ncc12
1,CC(Oc1c(Cl)cccc1Cl)C1=NCCN1
1,CNc1ccc(-c2nc3ccc(O)cc3s2)cc1F
0,Cc1c(C(=O)Nc2ccc(N3CC(C)OC(C)C3)nc2)cccc1-c1ccc(OC(F)(F)F)cc1
1,O=c1ccc2ccc(OCCCCN3CCN(c4cccc5sccc45)CC3)cc2[nH]1
1,CN(C)CCC=C1c2ccccc2CCc2ccccc21
1,Cc1onc(-c2ccccc2)c1C(=O)NC1C(=O)N2C1SC(C)(C)C2C(=O)O
0,Nc1nc(=S)c2[nH]cnc2[nH]1
1,CCCNC1CCc2nc(N)sc2C1
1,CCOC(=O)C(CCc1ccccc1)NC(C)C(=O)N1C(C(=O)O)CC2CCCCC21
1,CC(C)n1c(C=CC(O)CC(O)CC(=O)O)c(-c2ccc(F)cc2)c2ccccc21
1,Nc1nc(F)nc2c1ncn2C1OC(COP(=O)(O)O)C(O)C1O
0,CCN(CC)C(=S)SSC(=S)N(CC)CC
1,CN1CCCC1Cc1c[nH]c2ccc(CCS(=O)(=O)c3ccccc3)cc12
1,CC(Cc1cc2c(c(C(N)=O)c1)N(CCCO)CC2)NCCOc1ccccc1OCC(F)(F)F
1,O=C(CCCCCCC(=O)Nc1ccccc1)NO
1,Cc1cnc(Nc2ccc(OCCN3CCCC3)cc2)nc1Nc1cccc(S(=O)(=O)NC(C)(C)C)c1
1,C#CCC(Cc1cnc2nc(N)nc(N)c2n1)c1ccc(C(=O)NC(CCC(=O)O)C(=O)O)cc1
0,CNC(=O)c1ccc(-c2cnc3ncc(Cc4ccc5ncccc5c4)n3n2)cc1F
1,O=C(O)CN(CCN(CC(=O)O)CC(=O)O)CCN(CC(=O)O)C(COCc1ccccc1)C(=O)O
0,CCN1CCN(C(=O)NC(C(=O)NC2C(=O)N3C2SC(C)(C)C3C(=O)[O-])c2ccccc2)C(=O)C1=O
0,CC(CCC(=O)O)C1CCC2C3C(O)CC4CC(O)CCC4(C)C3CCC12C
1,Cc1nc2n(c(=O)c1CCN1CCC(c3noc4cc(F)ccc34)CC1)CCCC2
1,Cc1ccc(C(=O)c2cc(O)c(O)c([N+](=O)[O-])c2)cc1
0,Cc1ccc(C2OC(CO)C(O)C(O)C2O)cc1Cc1ccc(-c2ccc(F)cc2)s1
1,Oc1ccc(C2CNCCc3c2cc(O)c(O)c3Cl)cc1
1,CN(C)C1C(=O)C(C(N)=O)=C(O)C2(O)C(=O)C3=C(O)c4c(O)c(NC(=O)CN5CCCC5)cc(F)c4CC3CC12
1,CCc1c2c(nc3ccc(OC(=O)N4CCC(N5CCCCC5)CC4)cc13)-c1cc3c(c(=O)n1C2)COC(=O)C3(O)CC
1,CCc1nn(CCCN2CCN(c3cccc(Cl)c3)CC2)c(=O)n1CCOc1ccccc1
1,Cc1c(F)c(N2CCNC(C)C2)cc2c1c(=O)c(C(=O)O)cn2C1CC1
1,NC(=O)OCC(N)Cc1ccccc1
0,Clc1ccc(C(c2ccccc2Cl)C(Cl)Cl)cc1
1,Nc1nc2ccc(OC(F)(F)F)cc2s1
1,C=CC(=O)N1CCC(C2CCNc3c(C(N)=O)c(-c4ccc(Oc5ccccc5)cc4)nn32)CC1
0,CCOC(=O)NC1CCC2C(C1)CC1C(=O)OC(C)C1C2C=Cc1ccc(-c2cccc(F)c2)cn1
0,C#CC1(O)CCC2C3CCC4=CC(=O)CCC4C3CCC21C
1,O=C([O-])Cc1ccccc1Nc1c(Cl)cccc1Cl
1,C[N+]1(C)C2CC(OC(=O)C(CO)c3ccccc3)CC1C1OC12
1,CC(C)(C)NCC(O)COc1cccc2c1CC(O)C(O)C2
0,CS(=O)(=O)c1ccc(C(=O)Nc2ccc(Cl)c(-c3ccccn3)c2)c(Cl)c1
0,CCC(CC)C(NC(C)=O)C1C(N=C(N)N)CC(C(=O)O)C1O
1,CC(O)C1C(=O)N2C(C(=O)O)=C(SC3CNC(C(=O)N(C)C)C3)C(C)C12
1,CCC=CCC=CCC=CCC=CCC=CCCCC(=O)OCC
1,CCCCS(=O)(=O)NC(Cc1ccc(OCCCCC2CCNCC2)cc1)C(=O)O
1,CN1CCN2c3ncccc3Cc3ccccc3C2C1
0,CON=C(C(=O)NC1C(=O)N2C(C(=O)[O-])=C(C[N+]3(C)CCCC3)CSC12)c1csc(N)n1
1,O=C1NC(=O)C(c2ccccc2)(c2ccccc2)N1
0,CC(C)(C)C(O)C=Cc1ccc2c(c1)OCO2
1,Cc1nnc2n1-c1ccc(Cl)cc1C(c1ccccc1)=NC2
1,O=C(NCC1CCCCN1)c1cc(OCC(F)(F)F)ccc1OCC(F)(F)F
1,CC1OC2(CS1)CN1CCC2CC1
1,CC12CCC3c4ccc(OC(=O)N(CCCl)CCCl)cc4CCC3C1CCC2OP(=O)([O-])[O-]
1,O=C(C=Cn1cnc(-c2cc(C(F)(F)F)cc(C(F)(F)F)c2)n1)NNc1cnccn1
0,CC1(C)SC2C(NC(=O)C(N)c3ccc(O)cc3)C(=O)N2C1C(=O)O
0,OCC1OC(O)C(F)C(O)C1O
1,Cc1cccc(C)c1NC(=O)CN1CCN(CCCC(c2ccc(F)cc2)c2ccc(F)cc2)CC1
1,CC(C)CN(CC(OP(=O)([O-])[O-])C(Cc1ccccc1)NC(=O)OC1CCOC1)S(=O)(=O)c1ccc(N)cc1
1,CC1Oc2cc(cnc2N)-c2c(nn(C)c2C#N)CN(C)C(=O)c2ccc(F)cc21
1,CNC1CCC(c2ccc(Cl)c(Cl)c2)c2ccccc21
1,CC(C)Oc1ccc(-c2nc(-c3cccc4c3CCC4NCCO)no2)cc1C#N
1,Cc1cccc(Nc2ccccc2C(=O)O)c1C
1,CN(Cc1cnc2nc(N)nc(N)c2n1)c1ccc(C(=O)NC(CCC(=O)[O-])C(=O)[O-])cc1
1,CN(C)CCC=C1c2ccccc2C=Cc2ccccc21
1,CC(C=CC1=C(C)CCCC1(C)C)=CC=CC(C)=CC(=O)O
1,O=C1CC2(CCCC2)CC(=O)N1CCCCN1CCN(c2ncccn2)CC1
1,CCC(=O)OC(Cc1ccccc1)(c1ccccc1)C(C)CN(C)C
1,CCCC(C)(COC(N)=O)COC(=O)NC(C)C
1,N#Cc1ccnc(N2C(=O)CCC2C(=O)N(c2cncc(F)c2)C(C(=O)NC2CC(F)(F)C2)c2ccccc2Cl)c1
0,CC(=O)OCC1OC([S-])C(OC(C)=O)C(OC(C)=O)C1OC(C)=O
1,CCOC(=O)C(CCc1ccccc1)NC(C)C(=O)N1C(C(=O)O)CC2CCCC21
1,CC1CC2C(C(O)CC3(C)C2CCC3(O)C(=O)COC(=O)CCC(=O)[O-])C2(C)C=CC(=O)C=C12
1,CCCCCOC(=O)Nc1nc(=O)n(C2OC(C)C(O)C2O)cc1F
1,Nc1nc(Cl)nc2c1ncn2C1CC(O)C(CO)O1
1,CC(C)(N)Cc1ccccc1
1,CCC(CO)NC(=O)C1C=C2c3cccc4[nH]cc(c34)CC2N(C)C1
1,CC1CN(CC(Cc2ccccc2)C(=O)NCC(=O)O)CCC1(C)c1cccc(O)c1
1,CC(C)NCC(O)COc1cccc2ccccc12
0,NC1(C(=O)O)CC(F)C1
1,Cc1ccc(-c2cc(C(F)(F)F)nn2-c2ccc(S(N)(=O)=O)cc2)cc1
0,Nc1nc2c(c(=O)[nH]1)N(C=O)C(CNc1ccc(C(=O)NC(CCC(=O)O)C(=O)O)cc1)CN2
1,Nc1nc(-n2cc(C(=O)O)c(=O)c3cc(F)c(N4CC(O)C4)c(Cl)c32)c(F)cc1F
0,CC1(C)SC2C(NC(=O)Cc3ccccc3)C(=O)N2C1C(=O)O
0,CON=C(C(=O)NC1C(=O)N2C(C(=O)O)=C(CSc3nc(=O)c(=O)[nH]n3C)CSC12)c1csc(N)n1
0,CC12CCC3c4ccc(O)cc4CCC3C1CC(F)C2O
0,O=C(NCC1CN(c2ccc(N3CCOCC3=O)cc2)C(=O)O1)c1ccc(Cl)s1
1,C=C(CC)C(=O)c1ccc(OCC(=O)O)c(Cl)c1Cl
0,COc1cc2c(c(OC)c1OC)-c1ccc(OC)c(=O)cc1C(NC(C)=O)CC2
1,CC(C)c1cc(-c2n[nH]c(=O)n2-c2ccc3c(ccn3C)c2)c(O)cc1OP(=O)(O)O
1,Cc1ccccc1C(OCCN(C)C)c1ccccc1
1,COc1ccc(CN2C3CC2CN(c2ccc(-c4cc(OCC(C)(C)O)cn5ncc(C#N)c45)cn2)C3)cn1
1,Fc1ccc(C2CCNCC2COc2ccc3c(c2)OCO3)cc1
1,OC(CCN1CCCCC1)(c1ccccc1)C1CCCCC1
1,CS(=O)(=O)CCNCc1ccc(-c2ccc3ncnc(Nc4ccc(OCc5cccc(F)c5)c(Cl)c4)c3c2)o1
0,NC(CS)C(=O)O
1,Cc1ccccc1N1C(=O)c2cc(S(N)(=O)=O)c(Cl)cc2NC1C
0,[O-]c1cccc2cccnc12
1,CSc1ccc2c(c1)N(CCC1CCCCN1C)c1ccccc1S2
1,CCc1nc(N)nc(N)c1-c1ccc(Cl)cc1
0,CCC(=O)NCC1CC1c1cccc2c1CCO2
1,C=C(c1ccc(C(=O)O)cc1)c1cc2c(cc1C)C(C)(C)CCC2(C)C
1,Nc1ncn(C2CC(O)C(CO)O2)c(=O)n1
1,C=C1CC2C(CCC3(C)C(=O)CCC23)C2(C)C=CC(=O)C=C12
1,O=C1Nc2ccc(Cl)cc2C(C#CC2CC2)(C(F)(F)F)O1
1,CC(=O)OCC[N+](C)(C)C
1,O=C(O)CCc1nc(-c2ccccc2)c(-c2ccccc2)o1
1,CCCCC(F)(F)C1(O)CCC2C(CC(=O)C2CCCCCCC(=O)O)O1
1,C=C1CCC2(O)C3Cc4ccc(O)c5c4C2(CCN3CC2CC2)C1O5
1,CCC(=O)C(CC(C)N(C)C)(c1ccccc1)c1ccccc1
1,CNC(=O)c1ccc(N2C(=S)N(c3cnc(C#N)c(C(F)(F)F)c3)C(=O)C23CCC3)cc1F
1,O=C1CCc2cc(OCCCCc3nnnn3C3CCCCC3)ccc2N1
1,CC(C)NCC(O)COc1cccc2[nH]ccc12
1,CCC(=O)N(c1ccccc1)C1(COC)CCN(CCc2cccs2)CC1
1,CC1C(c2ccccc2)OCCN1C
1,O=C([O-])C(O)C(O)C(O)C(O)CO
1,O=C(O)COCCN1CCN(C(c2ccccc2)c2ccc(Cl)cc2)CC1
1,CNS(=O)(=O)Cc1ccc2[nH]cc(CCN(C)C)c2c1
1,CN1CCN(CCC=C2c3ccccc3Sc3ccc(S(=O)(=O)N(C)C)cc32)CC1
0,CC(C)(S)C(N)C(=O)O
1,CC(C(=O)[O-])c1cccc(Oc2ccccc2)c1
0,COC1(NC(=O)C2SC(=C(C(N)=O)C(=O)[O-])S2)C(=O)N2C(C(=O)[O-])=C(CSc3nnnn3C)CSC21
1,CCCCC(=O)N(Cc1ccc(-c2ccccc2-c2nn[nH]n2)cc1)C(C(=O)O)C(C)C
1,O=P1(N(CCCl)CCCl)NCCCO1
1,CC(N)Cc1ccccc1
0,OCC1NCC(O)C(O)C1O
1,CCC(=O)N(c1ccccc1)C1(COC)CCN(CCn2nnn(CC)c2=O)CC1
1,CC(=O)OC1CCC2(C)C(=CCC3C2CCC2(C)C(c4cccnc4)=CCC32)C1
1,COC(=O)c1ccc2c(C(=Nc3ccc(N(C)C(=O)CN4CCN(C)CC4)cc3)c3ccccc3)c(O)[nH]c2c1
0,Clc1ccccc1CN1CCc2sccc2C1
1,Cc1c(-c2ccccc2)oc2c(C(=O)OCCN3CCCCC3)cccc2c1=O
0,CC(C)Oc1ccc(-c2nn(C(C)c3oc4ccc(F)cc4c(=O)c3-c3cccc(F)c3)c3ncnc(N)c23)cc1F
1,NCCc1ccc(O)c(O)c1
1,COC(=O)C(c1ccccc1Cl)N1CCc2sccc2C1
0,C[N+](C)(C)CCO
0,CC1=C(C(=O)O)N2C(=O)C(NC(=O)C(N)c3ccccc3)C2SC1
0,O=C(O)CCC(NC(=O)NC(CCCCNC(=O)c1ccc(F)nc1)C(=O)O)C(=O)O
0,CC1(C)SC2C(NC(=O)C(N)c3ccccc3)C(=O)N2C1C(=O)O
1,Cc1ccc(-c2ncc(Cl)cc2-c2ccc(S(C)(=O)=O)cc2)cn1
1,COc1ccc(C(=O)Nc2ccccc2CCC2CCCCN2C)cc1
1,CC(C)c1cccc(C(C)C)c1O
1,CC(CCC(=O)O)C1CCC2C3CCC4CC(O)CCC4(C)C3CC(O)C12C
1,CC12CCC(=O)C=C1CCC1C2CCC2(C)C(OC(=O)CCC3CCCC3)CCC12
1,CC(NC(CCc1ccccc1)C(=O)O)C(=O)N1CCCC1C(=O)O
1,NC(CC(=O)N1CCn2c(nnc2C(F)(F)F)C1)Cc1cc(F)c(F)cc1F
1,Nc1ccn(C2OC(CO)C(O)C2O)c(=O)n1
1,Cc1c(OCC(F)(F)F)ccnc1CS(=O)c1nc2ccccc2[nH]1
1,NC(C(=O)O)C(O)c1ccc(O)c(O)c1
0,CC1OC1P(=O)(O)O
1,CC(=O)SC1CC2=CC(=O)CCC2(C)C2CCC3(C)C(CCC34CCC(=O)O4)C12
1,C[n+]1ccccc1C=NO
0,Nc1ccncc1N
0,CC(C)OC(=O)C(C)(C)Oc1ccc(C(=O)c2ccc(Cl)cc2)cc1
1,CCCC(NC(C)C(=O)N1C(C(=O)O)CC2CCCCC21)C(=O)OCC
0,CC(C)(NC(=O)C1=C(O)C2Oc3c(O)ccc4c3C23CCN(CC2CC2)C(C4)C3(O)C1)c1nc(-c2ccccc2)no1
1,OC(c1ccccc1)(c1ccccc1)C12CC[N+](CCOCc3ccccc3)(CC1)CC2
0,NC1c2cccnc2C(OC(=O)N2CCC(n3c(=O)[nH]c4ncccc43)CC2)CCC1c1cccc(F)c1F
1,Cc1c(O)c(=O)ccn1C
1,CCCCCC(=O)OC1(C(C)=O)CCC2C3CCC4=CC(=O)CCC4(C)C3CCC21C
1,COc1cc(C(C)=O)ccc1OCCCN1CCC(c2noc3cc(F)ccc23)CC1
1,Cc1[nH]cnc1CN1CCc2c(c3ccccc3n2C)C1=O
1,Nc1nc(CC(=O)Nc2ccc(CCNCC(O)c3ccccc3)cc2)cs1
1,CN(C)CC(c1ccc(O)cc1)C1(O)CCCCC1
1,CC1C(NC(=O)C(=NOC(C)(C)C(=O)O)c2csc(N)n2)C(=O)N1S(=O)(=O)O
0,COc1cc(C(=O)NCc2ccc(OCCN(C)C)cc2)cc(OC)c1OC
1,CCCS(=O)(=O)Nc1ccc(F)c(C(=O)c2c[nH]c3ncc(-c4ccc(Cl)cc4)cc23)c1F
1,O=c1n(CCCN2CCN(c3cccc(Cl)c3)CC2)nc2ccccn12
1,NCC(CC(=O)O)c1ccc(Cl)cc1
1,CN(CCOc1ccc(CC2SC(=O)NC2=O)cc1)c1ccccn1
1,Clc1ccc2c(c1)C(c1ccccc1)=NCc1nncn1-2
1,CC(NC(C)(C)C)C(=O)c1cccc(Cl)c1
1,CC=C1NC(=O)C2CSSCCC=CC(CC(=O)NC(C(C)C)C(=O)N2)OC(=O)C(C(C)C)NC1=O
0,CC(C)(ON=C(C(=O)NC1C(=O)N2C(C(=O)[O-])=C(C[n+]3ccccc3)CSC12)c1csc(N)n1)C(=O)O
1,CCN(CC)CCOC(=O)C1(C2CCCCC2)CCCCC1
1,Cc1nc(Nc2ncc(C(=O)Nc3c(C)cccc3Cl)s2)cc(N2CCN(CCO)CC2)n1
1,CCC(C)C(=O)OC1CC(O)C=C2C=CC(C)C(CCC(O)CC(O)CC(=O)[O-])C21
0,Clc1ccc2c(c1)CCc1cccnc1C2=C1CCNCC1
0,CN1CCN(c2ccc(Nc3ncc4cc5n(c4n3)C3(CCCCC3)CNC5=O)nc2)CC1
1,C=CCN1CCC23c4c5ccc(O)c4OC2C(=O)CCC3(O)C1C5
0,CCC1C(O)C2C3CCC(C(C)CCC(=O)O)C3(C)CCC2C2(C)CCC(O)CC12
1,CC(O)C(O)C1CNc2nc(N)[nH]c(=O)c2N1
1,CC12CCC(=O)C=C1CCC1C2C(O)CC2(C)C1CCC2(O)C(=O)COC(=O)CCC(=O)[O-]
0,CC(C)CC(NC(=O)CNC(=O)c1cc(Cl)ccc1Cl)B(O)O
1,O=C(O)c1cc(N=Nc2ccc(S(=O)(=O)Nc3ccccn3)cc2)ccc1O
0,Nc1ccncc1
1,CN1CCN(c2ccc(C(=O)Nc3n[nH]c4ccc(Cc5cc(F)cc(F)c5)cc34)c(NC3CCOCC3)c2)CC1
1,CN(C)C(=N)N=C(N)N
1,O=C(O)c1cc2ccccc2c(Cc2c(O)c(C(=O)O)cc3ccccc23)c1O
0,COc1cc(C2c3cc4c(cc3C(OC3OC5COC(C)OC5C(O)C3O)C3COC(=O)C23)OCO4)cc(OC)c1O
1,COCC(=O)OC1(CCN(C)CCCc2nc3ccccc3[nH]2)CCc2cc(F)ccc2C1C(C)C
1,CCCCCCCC(=O)NC(CN1CCCC1)C(O)c1ccc2c(c1)OCCO2
1,CC(Cc1ccccc1)NCCC(c1ccccc1)c1ccccc1
1,NS(=O)(=O)c1cc(C(=O)O)c(NCc2ccco2)cc1Cl
0,Cc1ccc(=O)n(-c2ccccc2)c1
1,CCCCCCCCCCCCOCCOCCOCCOCCOCCOCCOCCOCCOCCO
1,CC(=O)C1CCC2C3CCC4=CC(=O)CCC4(C)C3CCC12C
1,C=CCC1(C(C)CCC)C(=O)[N-]C(=O)NC1=O
1,CCOCCP(CCOCC)CCP(CCOCC)CCOCC
1,CC(CCc1ccccc1)NCC(O)c1ccc(O)c(C(N)=O)c1
0,Cn1cnc([N+](=O)[O-])c1Sc1ncnc2nc[nH]c12
0,OC1COC2C(O)COC12
0,NC(N)=O
1,CNC1(C)C2CCC(C2)C1(C)C
1,CCN(CC)C(=O)C1(c2ccccc2)CC1CN
0,OCCN1CC(O)C(O)C(O)C1CO
1,CON=C(C(=O)NC1C(=O)N2C(C(=O)OC(C)OC(C)=O)=C(COC(N)=O)CSC12)c1ccco1
1,O=C(Nc1ccc(OC(F)(F)Cl)cc1)c1cnc(N2CCC(O)C2)c(-c2ccn[nH]2)c1
0,CCCCN1CC(O)C(O)C(O)C1CO
0,Cc1nnc(C(=O)NC(C)(C)c2nc(C(=O)NCc3ccc(F)cc3)c(O)c(=O)n2C)o1
0,CCN(CC)c1ccc(C(=C2C=CC(=[N+](CC)CC)C=C2)c2cc(S(=O)(=O)[O-])ccc2S(=O)(=O)[O-])cc1
1,CNC(=O)c1cc(Oc2ccc(NC(=O)Nc3ccc(Cl)c(C(F)(F)F)c3)c(F)c2)ccn1
0,COc1cc2ncnc(Nc3ccc(F)c(Cl)c3)c2cc1NC(=O)C=CCN1CCCCC1
1,O=C(CCCN1CCC(O)(c2ccc(Cl)cc2)CC1)c1ccc(F)cc1
0,CC(=O)OCC1OC(n2ccc(=O)[nH]c2=O)C(OC(C)=O)C1OC(C)=O
0,CC(C)C(=O)OCC1OC(n2ccc(NO)nc2=O)C(O)C1O
0,CS(C)=O
0,COc1nc(N)nc2c1ncn2C1OC(CO)C(O)C1O
1,CC(=Cc1csc(C)n1)C1CC2OC2(C)CCCC(C)C(O)C(C)C(=O)C(C)(C)C(O)CC(=O)N1
1,CCOC(=O)C1=C(C)NC(C)=C(C(=O)OC)C1c1cccc(Cl)c1Cl
1,COc1ccc2c3c1OC1CC(O)C=CC31CCN(C)C2
1,COc1ccc(CCN2CCC(Nc3nc4ccccc4n3Cc3ccc(F)cc3)CC2)cc1
1,CCCCCCC(C)(C)c1cc(O)c2c(c1)OC(C)(C)C1CCC(=O)CC21
1,CC(=O)OCC(CCn1cnc2cnc(N)nc21)COC(C)=O
1,Cc1ncc2n1-c1ccc(Cl)cc1C(c1ccccc1F)=NC2
1,COc1cccc2c1C(=O)c1c(O)c3c(c(O)c1C2=O)CC(O)(C(=O)CO)CC3OC1CC(N)C(O)C(C)O1
1,COc1cc2nccc(Oc3ccc(NC(=O)Nc4cc(C)on4)c(Cl)c3)c2cc1OC
1,Nc1cccc2c1CN(C1CCC(=O)NC1=O)C2=O
1,O=NN(CCCl)C(=O)NCCCl
0,CC(C)C(N)C(=O)OCCOCn1cnc2c(=O)[nH]c(N)nc21
1,CCC(=C(c1ccccc1)c1ccc(OCCN(C)C)cc1)c1ccccc1
1,COc1ccc2cc(CCC(C)=O)ccc2c1
0,Cc1occc(=O)c1[O-]
0,CCC(=O)NCCC1CCc2ccc3c(c21)CCO3
1,Nc1nc([O-])c2ncn(COC(CO)CO)c2n1
1,CCCSc1nc(NC2CC2c2ccc(F)c(F)c2)c2nnn(C3CC(OCCO)C(O)C3O)c2n1
0,O=C([O-])CC(O)CC(O)C=Cc1c(C2CC2)nc2ccccc2c1-c1ccc(F)cc1
1,NCCC(O)(P(=O)([O-])O)P(=O)([O-])O
1,N#Cc1ccc(C(c2ccc(C#N)cc2)n2cncn2)cc1
1,CCN(CC)CCNC(=O)c1ccc(N)cc1
1,Cc1cn[nH]c1
1,CS(=O)(=O)OCCCCOS(C)(=O)=O
1,COc1ccc(CNc2nc(N3CCCC3CO)ncc2C(=O)NCc2ncccn2)cc1Cl
0,CC1C(c2ccccc2)CC(NC(=O)c2cnc3c(c2)CC2(C3)C(=O)Nc3ncccc32)C(=O)N1CC(F)(F)F
1,Nc1nc2[nH]cc(CCc3ccc(C(=O)NC(CCC(=O)O)C(=O)O)cc3)c2c(=O)[nH]1
1,CC(O)C1C(=O)N2C(C(=O)O)=C(SC3CNC(C(=O)Nc4cccc(C(=O)[O-])c4)C3)C(C)C12
1,CCCC1CC(C(=O)NC(C(C)Cl)C2OC(SC)C(OP(=O)(O)O)C(O)C2O)N(C)C1
1,COc1cc2c(cc1OC)C1CC(OC(=O)C(N)C(C)C)C(CC(C)C)CN1CC2
1,COc1ccc2nc(S(=O)Cc3ncc(C)c(OC)c3C)[nH]c2c1
1,FC(F)(F)c1ccc(CNc2ccc(Cc3c[nH]c4ncc(Cl)cc34)cn2)cn1
0,CC(CCC(=O)O)C1CCC2C3C(O)CC4CC(O)CCC4(C)C3CC(O)C12C
1,C=C1CCC(O)CC1=CC=C1CCCC2(C)C1CCC2C(C)CCCC(C)(C)O
1,O=S(=O)([O-])CCS
0,CC(C)Nc1nc2cc(Cl)c(Cl)cc2n1C1OC(CO)C(O)C1O
1,CCS(=O)(=O)CCn1c([N+](=O)[O-])cnc1C
1,COc1cc(C)c(C=CC(C)=CC=CC(C)=CC(=O)O)c(C)c1C
0,CCCSc1ccc2nc(NC(=O)OC)[nH]c2c1
1,COc1ccccc1OCC(O)CN1CCN(CC(=O)Nc2c(C)cccc2C)CC1
0,O=C1CCCC(=O)C1C(=O)c1ccc(C(F)(F)F)cc1[N+](=O)[O-]
1,CN(C)CCOc1ccc(C(=C(CCCl)c2ccccc2)c2ccccc2)cc1
1,COc1cc2nccc(Oc3ccc(NC(=O)NC4CC4)c(Cl)c3)c2cc1C(N)=O
1,CN(C)CCOC(c1ccc(Cl)cc1)c1ccccn1
0,CC(C)(C)C(=O)OCOP(=O)(COCCn1cnc2c(N)ncnc21)OCOC(=O)C(C)(C)C
1,OC(CNCC(O)C1CCc2cc(F)ccc2O1)C1CCc2cc(F)ccc2O1
0,CC(OCC1(c2ccccc2)CCC2(CCC(=O)N2)CN1)c1cc(C(F)(F)F)cc(C(F)(F)F)c1
1,CN1CC(C(=O)NC2(C)OC3(O)C4CCCN4C(=O)C(Cc4ccccc4)N3C2=O)C=C2c3cccc4[nH]cc(c34)CC21
1,CN=C(NC#N)NCCSCc1nc[nH]c1C
1,COC(=O)C1=C(C)NC(C)=C(C(=O)OCCN(C)Cc2ccccc2)C1c1cccc([N+](=O)[O-])c1
1,CCOC(=O)c1ncn2c1CN(C)C(=O)c1cc(F)ccc1-2
1,CCCNC(C)C(=O)Nc1ccccc1C
1,CC(C[N+](C)(C)C)OC(N)=O
0,COc1cc(C)c2c(Oc3cccc(C(F)(F)F)c3)c(OC)cc(NC(C)CCCN)c2n1
1,CCN(CC)CCNC(=O)c1cc(Cl)c(N)cc1OC
0,Cc1cc(C)c(NC(=O)CN(CC(=O)O)CC(=O)O)c(C)c1Br
1,CCc1cc2c(cc1N1CCC(N3CCOCC3)CC1)C(C)(C)c1[nH]c3cc(C#N)ccc3c1C2=O
1,CC1CCN(C(=O)CC#N)CC1N(C)c1ncnc2[nH]ccc12
0,CN1CCc2nc(C(=O)NC3CC(C(=O)N(C)C)CCC3NC(=O)C(=O)Nc3ccc(Cl)cn3)sc2C1
1,OCCOCCN1CCN(C2=Nc3ccccc3Sc3ccccc32)CC1
1,CC#CCn1c(N2CCCC(N)C2)nc2c1c(=O)n(Cc1nc(C)c3ccccc3n1)c(=O)n2C
1,COc1cc2c(Nc3ccc(Br)cc3F)ncnc2cc1OCC1CCN(C)CC1
0,Nc1nc(=O)n(C2CSC(CO)O2)cc1F
0,Cc1ccnc2c1NC(=O)c1cccnc1N2C1CC1
1,CN1CCC(=C2c3ccccc3C=Cc3ccccc32)CC1
0,C=C1C(CO)C(O)CC1n1cnc2c(=O)[nH]c(N)nc21
1,FC(F)(F)C(F)(F)C(F)(F)F
1,CC(=O)OCC(=O)C1(O)CCC2C3CCC4=CC(=O)CCC4(C)C3C(=O)CC21C
1,CC(C)(C)c1nc(-c2cccc(NS(=O)(=O)c3c(F)cccc3F)c2F)c(-c2ccnc(N)n2)s1
1,Cc1cn(-c2cc(NC(=O)c3ccc(C)c(Nc4nccc(-c5cccnc5)n4)c3)cc(C(F)(F)F)c2)cn1
0,Cn1cc[nH]c1=S
0,CCOc1ccc(Cc2cc(C34OCC(CO)(O3)C(O)C(O)C4O)ccc2Cl)cc1
1,Cc1cccc(Nc2ccncc2S(=O)(=O)NC(=O)NC(C)C)c1
1,CNC(=C[N+](=O)[O-])NCCSCc1csc(CN(C)C)n1
1,CSc1nc2cc(Oc3cccc(Cl)c3Cl)c(Cl)cc2[nH]1
1,CC(c1ncncc1F)C(O)(Cn1cncn1)c1ccc(F)cc1F
1,COc1ccc(-n2nc(C(N)=O)c3c2C(=O)N(c2ccc(N4CCCCC4=O)cc2)CC3)cc1
1,CC(C(=O)O)c1cccc(C(=O)c2ccccc2)c1
1,CNCCC(Oc1cccc2ccccc12)c1cccs1
1,CCC(OC(C)=O)C(CC(C)N(C)C)(c1ccccc1)c1ccccc1
1,CS(=O)(=O)c1ccc(Oc2cc(F)cc(C#N)c2)c2c1C(O)C(F)C2F
1,C=CC1CN2CCC1CC2C(O)c1ccnc2ccc(OC)cc12
1,CC(=O)NCCCS(=O)(=O)[O-]
1,COc1ccc2c3c1OC1C(=O)CCC4(O)C(C2)N(C)CCC314
0,COc1ccnc(CS(=O)c2nc3ccc(OC(F)F)cc3[nH]2)c1OC
1,CNC(=O)c1ccccc1Sc1ccc2c(C=Cc3ccccn3)n[nH]c2c1
1,COc1cc(N)c(Cl)cc1C(=O)NC1CCN(CCCOc2ccc(F)cc2)CC1OC
1,COC1(NC(=O)Cc2cccs2)C(=O)N2C(C(=O)O)=C(COC(N)=O)CSC21
1,CC(OC1OCCN(Cc2n[nH]c(=O)[nH]2)C1c1ccc(F)cc1)c1cc(C(F)(F)F)cc(C(F)(F)F)c1
0,COc1cc(NCc2ccc3nc(N)nc(N)c3c2C)cc(OC)c1OC
1,COc1cc(OC)cc(N(CCNC(C)C)c2ccc3ncc(-c4cnn(C)c4)nc3c2)c1
1,COC1C(N(C)C(=O)c2ccccc2)CC2OC1(C)n1c3ccccc3c3c4c(c5c6ccccc6n2c5c31)C(=O)NC4
0,NNC(=O)c1ccncc1
1,CC(=O)OC1(C(C)=O)CCC2C3CC(C)C4=CC(=O)CCC4(C)C3CCC21C
1,CN1CCN(CCCN2c3ccccc3Sc3ccc(Cl)cc32)CC1
0,COC(=O)C=CC(=O)O
1,O=C1CCc2ccc(OCCCCN3CCN(c4cccc(Cl)c4Cl)CC3)cc2N1
1,CC(Cc1ccc(O)c(O)c1)(NN)C(=O)O
0,O=C(CCCc1ccccc1)OCC(COC(=O)CCCc1ccccc1)OC(=O)CCCc1ccccc1
0,CON=C(C(=O)NC1C(=O)N2C(C(=O)[O-])=C(COC(N)=O)CSC12)c1ccco1
0,NCCNCCNCCN
1,COc1cc(OC)c(C(=O)CCCN2CCCC2)c(OC)c1
0,CCOC(=O)C(Cc1ccc(F)cc1)NC(=O)C(N)Cc1ccc(N(CCCl)CCCl)cc1
1,CN1CCC23c4c5ccc(O)c4OC2C(O)C=CC3C1C5
0,CN=C1CN(O)C(c2ccccc2)=c2cc(Cl)ccc2=N1
0,CCCC1CC(=O)N(C(CC)C(N)=O)C1
1,CC1CNc2c(cccc2S(=O)(=O)NC(CCCN=C(N)N)C(=O)N2CCC(C)CC2C(=O)O)C1
1,CCN(CC)CC#CCOC(=O)C(O)(c1ccccc1)C1CCCCC1
1,Nc1ncnc2c1ncn2C1OC(CO)C(O)C1O
0,CCn1c(=O)c2c(nc(C=Cc3ccc(OC)c(OC)c3)n2C)n(CC)c1=O
1,Cn1cnc2c(F)c(Nc3ccc(Br)cc3Cl)c(C(=O)NOCCO)cc21
1,CCc1nc(C(N)=O)c(Nc2ccc(N3CCC(N4CCN(C)CC4)CC3)c(OC)c2)nc1NC1CCOCC1
0,CN1C(=O)CC(C)(c2ccccc2)C1=O
1,CC(C)(C)NCC(O)c1cc(O)cc(O)c1
1,C=CC(=O)N1CCCC(n2nc(-c3ccc(Oc4ccccc4)cc3)c3c(N)ncnc32)C1
1,C#CC1(O)CCC2C3CCC4=CC(=O)CCC4C3C(=C)CC21CC
1,CN(C)CCCN1c2ccccc2Sc2ccc(Cl)cc21
1,CNc1ccc(C=Cc2ccc(OCCOCCOCCF)nc2)cc1
1,CC(=O)C1(O)Cc2c(O)c3c(c(O)c2C(OC2CC(N)C(O)C(C)O2)C1)C(=O)c1ccccc1C3=O
1,CCNC(C)Cc1cccc(C(F)(F)F)c1
1,CCCCCC(O)C=CC1C(O)CC2OC(=CCCCC(=O)O)CC21
1,CC(C)(C(=O)c1cccnc1)c1cccnc1
0,COc1ccc2nc(S(=O)Cc3ncc(C)c(OC)c3C)[n-]c2c1
1,C=CCC1(C(C)C#CCC)C(=O)N=C([O-])N(C)C1=O
1,CN(C)CCCC1(c2ccc(F)cc2)OCc2cc(C#N)ccc21
0,CCCC1CC(C(=O)NC(C(C)Cl)C2OC(SC)C(O)C(O)C2O)N(C)C1
1,[NH-]C1CCCCC1[NH-]
1,COc1cc(Nc2c(C#N)cnc3cc(OCCCN4CCN(C)CC4)c(OC)cc23)c(Cl)cc1Cl
1,CC(C)(C)NCC(O)c1ccc(O)c(CO)c1
1,COc1cc2c(cc1OC)C(=O)C(CC1CCN(Cc3ccccc3)CC1)C2
1,CNS(=O)(=O)CCc1ccc2[nH]cc(C3CCN(C)CC3)c2c1
0,O=C([O-])[O-]
1,CC(C)[N+](C)(CCOC(=O)C1c2ccccc2Oc2ccccc21)C(C)C
1,Cc1ccc(N(CC2=NCCN2)c2cccc(O)c2)cc1
1,NCCCCCC(=O)O
1,CN1C(=O)C(O)N=C(c2ccccc2)c2cc(Cl)ccc21
1,CN1CCN(C2=Nc3cc(Cl)ccc3Nc3ccccc32)CC1
1,NS(=O)(=O)c1cc(Cl)c(Cl)c(S(N)(=O)=O)c1
1,NC1C2CN(c3nc4c(cc3F)c(=O)c(C(=O)O)cn4-c3ccc(F)cc3F)CC12
0,O=C(Nc1cnn2ccc(N3CCCC3c3cc(F)ccc3F)nc12)N1CCC(O)C1
0,COCCCOc1ccnc(CS(=O)c2nc3ccccc3[n-]2)c1C
1,NC1CC1c1ccccc1
0,S=c1nc[nH]c2nc[nH]c12
0,Cc1nnc(SCC2=C(C(=O)O)N3C(=O)C(NC(=O)Cn4cnnn4)C3SC2)s1
0,CC(C)(C(=O)O)c1ccc(C(O)CCCN2CCC(C(O)(c3ccccc3)c3ccccc3)CC2)cc1
1,CN1CCN(C(=O)OC2c3nccnc3C(=O)N2c2ccc(Cl)cn2)CC1
1,COC(=O)C(c1ccccc1)C1CCCCN1
1,Cc1ccc(NC(=O)c2ccc(CN3CCN(C)CC3)cc2)cc1Nc1nccc(-c2cccnc2)n1
1,Cc1ccc(C(=O)c2ccc(CC(=O)[O-])n2C)cc1
0,COc1ccc(CN(C(=O)C(N)Cc2c(C)cc(C(N)=O)cc2C)C(C)c2ncc(-c3ccccc3)[nH]2)cc1C(=O)O
1,OCCOCCN1CCN(C(c2ccccc2)c2ccc(Cl)cc2)CC1
1,CN1CCN2c3c(cccc31)C1CN(CCCC(=O)c3ccc(F)cc3)CCC12
1,COc1c(OCCCN2CCOCC2)ccc2c3n(c(=NC(=O)c4cnc(N)nc4)nc12)CCN3
1,Cc1ccc(C(=O)Nc2ccc(CN3CCN(C)CC3)c(C(F)(F)F)c2)cc1C#Cc1cnc2cccnn12
1,CCCNCC(O)COc1ccccc1C(=O)CCc1ccccc1
1,C=CC(=O)N1CCN(c2nc(=O)n(-c3c(C)ccnc3C(C)C)c3nc(-c4c(O)cccc4F)c(F)cc23)C(C)C1
0,Cc1cccc(CN2CCN(C(c3ccccc3)c3ccc(Cl)cc3)CC2)c1
1,COC12CCC3(CC1C(C)(O)C(C)(C)C)C1Cc4ccc(O)c5c4C3(CCN1CC1CC1)C2O5
1,CCCc1nn(C)c2c(=O)[nH]c(-c3cc(S(=O)(=O)N4CCN(C)CC4)ccc3OCC)nc12
0,Cc1ncc([N+](=O)[O-])n1CC(C)O
0,O=C(c1cc(Cc2n[nH]c(=O)c3ccccc23)ccc1F)N1CCN(C(=O)C2CC2)CC1
1,OCCN1CCN(CCCN2c3ccccc3Sc3ccc(Cl)cc32)CC1
1,CCCC(CCC)C(=O)[O-]
1,CNC(=O)c1cc(Oc2ccc(NC(=O)Nc3ccc(Cl)c(C(F)(F)F)c3)cc2)ccn1
1,CC(=O)OCC(=O)C1(O)CCC2C3CCC4=CC(=O)CCC4(C)C3(F)C(O)CC21C
0,C=CCNCCCCCCCCCC
1,Cc1nc2c([nH]1)CCN(C(=O)c1ccc(NC(=O)c3ccccc3-c3ccccc3)cc1)c1ccccc1-2
0,COc1cc2ncnc(Nc3ccc(F)c(Cl)c3)c2cc1OCCCN1CCOCC1
1,CCCCCN=C(N)NN=Cc1c[nH]c2ccc(OC)cc12
1,COc1ccc2[n-]c(S(=O)Cc3ncc(C)c(OC)c3C)nc2c1
1,CC(N)(Cc1ccc(O)c(O)c1)C(=O)O
1,CCCC(C)C1(CC)C(=O)N=C([O-])NC1=O
1,CCCC(C)(COC(N)=O)COC(N)=O
1,CC(N)C12CC3CC(CC(C3)C1)C2
0,CCC(C)C(=O)OC1CC(C)C=C2C=CC(C)C(CCC3CC(O)CC(=O)O3)C21
1,O=S([O-])([O-])=S
1,CC(O)(CS(=O)(=O)c1ccc(F)cc1)C(=O)Nc1ccc(C#N)c(C(F)(F)F)c1
1,NC12CC3CC(CC(C3)C1)C2
0,CCCN(CCC)S(=O)(=O)c1ccc(C(=O)O)cc1
1,CN1CCC(C(=O)c2cccc(NC(=O)c3c(F)cc(F)cc3F)n2)CC1
1,COc1cccc(C2(O)CCCCC2CN(C)C)c1
1,CNCc1ccc(-c2[nH]c3cc(F)cc4c3c2CCNC4=O)cc1
0,CN(C)CC=CC(=O)Nc1cc2c(Nc3ccc(F)c(Cl)c3)ncnc2cc1OC1CCOC1
1,NCCNCCNCCNCCN
1,CC(C)NCC(O)c1cc(O)cc(O)c1
0,CCCCCCC(=O)OCC(COC(=O)CCCCCC)OC(=O)CCCCCC
1,CC#CC1(O)CCC2C3CCC4=CC(=O)CCC4=C3C(c3ccc(N(C)C)cc3)CC21C
1,N=c1nc(N2CCCCC2)cc(N)n1O
1,CNC(=C[N+](=O)[O-])NCCSCc1ccc(CN(C)C)o1
1,CN(C)CCc1c[nH]c2ccc(Cn3cncn3)cc12
1,COC(=O)C1CC2=CC(=O)CCC2(C)C23OC2CC2(C)C(CCC24CCC(=O)O4)C13
1,NC(N)=NCc1cccc(I)c1
1,COC(=O)CCc1ccc(OCC(O)CNC(C)C)cc1
1,CC1CNCCc2ccc(Cl)cc21
0,CCCc1cc(=O)[nH]c(=S)[nH]1
1,CCCCCC(C)(O)C=CC1C(O)CC(O)C1CC=CCCCC(=O)O
1,NC1CONC1=O
0,C=CC1=C(C(=O)O)N2C(=O)C(NC(=O)C(=NOCC(=O)O)c3csc(N)n3)C2SC1
1,COc1cnc(-n2cnc(C)n2)c2c1c(C(=O)C(=O)N1CCN(C(=O)c3ccccc3)CC1)cn2COP(=O)(O)O
0,Cc1cc(C=CC#N)cc(C)c1Nc1ccnc(Nc2ccc(C#N)cc2)n1
1,CCC1CN(C(=O)NCC(F)(F)F)CC1c1cnc2cnc3[nH]ccc3n12
1,Clc1ccc(CCCOCCCN2CCCCC2)cc1
1,CC(=O)OCC(=O)C12N=C(C)OC1CC1C3CCC4=CC(=O)C=CC4(C)C3C(O)CC12C
0,CC1=C(C(=O)O)N2C(=O)C(NC(=O)C(N)c3ccc(O)cc3)C2SC1
1,CCCCC(=O)OC1CCC2C3CCc4cc(O)ccc4C3CCC12C
0,CN(C)C(=O)Oc1ccc[n+](C)c1
1,CCc1c(C)[nH]c2c1C(=O)C(CN1CCOCC1)CC2
1,CCn1cc(C(=O)O)c(=O)c2cc(F)c(N3CCNC(C)C3)c(F)c21
1,Cc1ccc(Cl)c(Nc2ccccc2C(=O)[O-])c1Cl
1,N#Cc1cccc(C(NCC2CC2)c2ccc(F)c(NC(=O)c3cc(C(F)(F)F)nn3-c3cccc(CN)c3)c2)c1
1,COc1ccc(C(CN(C)C)C2(O)CCCCC2)cc1
0,CN(C)c1cc(NC(=O)CNC(C)(C)C)c(O)c2c1CC1CC3C(N(C)C)C(=O)C(C(N)=O)=C(O)C3(O)C(=O)C1=C2O
0,CN1C(=O)CC(=O)N(c2ccccc2)c2cc(Cl)ccc21
1,O=C(OC1CC2CCC(C1)[N+]21CCCC1)C(O)(c1ccccc1)c1ccccc1
0,C[N+](C)(C)CC(=O)[O-]
1,CCOc1cc(CC(=O)NC(CC(C)C)c2ccccc2N2CCCCC2)ccc1C(=O)O
1,OCCOc1ccc(C(=C(CCCl)c2ccccc2)c2ccccc2)cc1
0,O=P([O-])([O-])CP(=O)([O-])[O-]
1,CN1C(C(=O)Nc2ccccn2)=C(O)c2ccccc2S1(=O)=O
0,CC(C)c1c(C(=O)Nc2ccccc2)c(-c2ccccc2)c(-c2ccc(F)cc2)n1CCC(O)CC(O)CC(=O)[O-]
0,Cc1cn2nc(-c3cc(=O)n4cc(N5CCNC6(CC6)C5)ccc4n3)cc(C)c2n1
1,COc1ccccc1OCC(O)COC(N)=O
1,NC(N)=NC(=O)c1nc(Cl)c(N)nc1N
1,Nc1cccc2c1C(=O)N(C1CCC(=O)NC1=O)C2=O
1,CC1(C)SC2C(NC(=O)Cc3ccccc3)C(=O)N2C1C(=O)[O-]
1,CCN(C(C)=O)c1cccc(-c2ccnc3c(C#N)cnn23)c1
1,CCc1c(C)c2cc3nc(cc4[nH]c(cc5nc(cc1[nH]2)C(C)=C5C(C)O)c(C)c4CCC(=O)O)C(CCC(=O)O)=C3C
1,COc1c(C)c2c(c(O)c1CC=C(C)CCC(=O)OCCN1CCOCC1)C(=O)OC2
1,O=C(C=Cc1cccc(S(=O)(=O)Nc2ccccc2)c1)NO
1,CCCC(CCC)C(=O)O
1,CCC(c1cccc(O)c1)C(C)CN(C)C
1,NC(=O)OCC(COC(N)=O)c1ccccc1
1,CCCCCC(O)C=CC1C(O)CC(=O)C1CCCCCCC(=O)O
1,CC(Oc1cc(-c2cnn(C3CCNCC3)c2)cnc1N)c1c(Cl)ccc(F)c1Cl
1,COC(=O)Nc1c(N)nc(-c2nn(Cc3ccccc3F)c3ncc(F)cc23)nc1N
1,COc1ccccc1OCCNCC(O)COc1cccc2[nH]c3ccccc3c12
1,CC1CC2C3CCC4=CC(=O)C=CC4(C)C3(F)C(O)CC2(C)C1(O)C(=O)CO
1,CN(C)C(=O)c1cc2cnc(Nc3ccc(N4CCNCC4)cn3)nc2n1C1CCCC1
0,CCC(CC(C)c1ccccc1)c1ccc(C[N+](C)(C)C)cc1
1,NC(=O)c1cn(Cc2c(F)cccc2F)nn1
1,COC(=O)N(C)c1c(N)nc(-c2nn(Cc3ccccc3F)c3ncccc23)nc1N
1,O=C(c1ccccc1)c1ccc2n1CCC2C(=O)O
1,COc1ccc2cc(C(C)C(=O)[O-])ccc2c1
1,C[N+](C)(C)CCOC(=O)CCC(=O)OCC[N+](C)(C)C
1,CCC(=O)N(c1ccccc1)C1(C(=O)OC)CCN(CCC(=O)OC)CC1
1,CC(C=CC(C)C(C)(C)O)C1CCC2C(=CC=C3CC(O)CC(O)C3)CCCC21C
1,CN(CCOc1ccc(NS(C)(=O)=O)cc1)CCc1ccc(NS(C)(=O)=O)cc1
1,NC(=O)N1c2ccccc2CC(=O)c2ccccc21
0,CC(=O)CC(c1ccccc1)c1c([O-])c2ccccc2oc1=O
0,C#CC1(O)CCC2C3CCC4=CC(=O)CCC4C3CCC21CC
0,Nc1nc2c(c(=O)[nH]1)NC1C(N2)OC2COP(=O)(O)OC2C1(O)O
1,C=CC1=C(C(=O)O)N2C(=O)C(NC(=O)C(=NO)c3csc(N)n3)C2SC1
0,ClCC1CO1
1,CCCCC(CC)CCC(CC(C)C)OS(=O)(=O)O
1,CC(C)(C)NC(=O)C1CCC2C3CCC4NC(=O)C=CC4(C)C3CCC12C
0,C[N+](C)(C)CC(O)CC(=O)[O-]
1,CC(C)(C#N)c1cc(Cn2cncn2)cc(C(C)(C)C#N)c1
1,CC1Cc2ccccc2N1NC(=O)c1ccc(Cl)c(S(N)(=O)=O)c1
1,Cc1ccc(-c2nc3ccc(C)cn3c2CC(=O)N(C)C)cc1
0,CC(C)(Oc1ccc(C(=O)c2ccc(Cl)cc2)cc1)C(=O)O
0,CON=C(C(=O)NC1C(=O)N2C(C(=O)[O-])=CCSC12)c1csc(N)n1
1,CCOC(=O)C(CS)NCCNC(CS)C(=O)OCC
0,CN(C)N=Nc1nc[nH]c1C(N)=O
0,CCOc1cc(C(CS(C)(=O)=O)N2C(=O)c3cccc(NC(C)=O)c3C2=O)ccc1OC
1,COc1cc(Nc2ncc(F)c(Nc3ccc4c(n3)N(COP(=O)(O)O)C(=O)C(C)(C)O4)n2)cc(OC)c1OC
1,COc1ccc2c3c1OC1C(=O)CCC4C(C2)N(C)CCC314
1,CNNCc1ccc(C(=O)NC(C)C)cc1
1,CCCN1CC(CSC)CC2c3cccc4[nH]cc(c34)CC21
1,CC(C)NCC(O)COc1ccc(COCCOC(C)C)cc1
1,CC(=O)[O-]
1,COc1c(C)c2c(c(O)c1CC=C(C)CCC(=O)O)C(=O)OC2
0,CN1CCC(COc2cnc(-c3cccc(Cn4nc(-c5cccc(C#N)c5)ccc4=O)c3)nc2)CC1
1,COC(=O)NC(C)CNc1nccc(-c2cn(C(C)C)nc2-c2cc(Cl)cc(NS(C)(=O)=O)c2F)n1
0,Fc1ccccc1C1=NCC(=S)N(CC(F)(F)F)c2ccc(Cl)cc21
1,COC(=O)C1=C(C)NC(C)=C(C(=O)OC)C1c1ccccc1[N+](=O)[O-]
0,NC(N)=NCCCC(N)C(=O)O
1,CNCCC(Oc1ccccc1C)c1ccccc1
1,N=C(N)c1ccc(OCCCCCOc2ccc(C(=N)N)cc2)cc1
1,COC(=O)C1=C(C)NC(C)=C(C(=O)OCC(C)C)C1c1ccccc1[N+](=O)[O-]
1,Cc1cccc(C(C)c2cnc[nH]2)c1C
0,CN(C)P(=O)(OCC1CNCC(n2ccc(N)nc2=O)O1)N1CCN(C(=O)OCCOCCOCCO)CC1
1,Cc1ccccc1C(=O)Nc1ccc(C(=O)N2CCCC(O)c3cc(Cl)ccc32)c(C)c1
0,CC(C)C1CCC(C(=O)NC(Cc2ccccc2)C(=O)O)CC1
0,CC(C)c1nc(N(C)S(C)(=O)=O)nc(-c2ccc(F)cc2)c1C=CC(O)CC(O)CC(=O)[O-]
1,CCCCC(C)(O)CC=CC1C(O)CC(=O)C1CCCCCCC(=O)OC
1,CCCc1nc(C)c2c(=O)[nH]c(-c3cc(S(=O)(=O)N4CCN(CC)CC4)ccc3OCC)nn12
0,Cc1cc(C)cc(OCC2CNC(=O)O2)c1
1,S1SSSSSSS1
1,CCOC(=O)C1(c2ccccc2)CCN(C)CC1
1,CC(C)CC(NC(=O)C(Cc1ccccc1)NC(=O)c1cnccn1)B(O)O
0,Cc1ncc(OCC2(c3cccc(F)c3)CC2C(=O)Nc2ccc(F)cn2)c(C)n1
1,COc1cccc2c1C(=O)c1c(O)c3c(c(O)c1C2=O)CC(O)(C(C)=O)CC3OC1CC(N)C(O)C(C)O1
1,CCN1CCCC1CNC(=O)c1cc(S(=O)(=O)CC)c(N)cc1OC
0,CC(=O)Oc1ccccc1C(=O)Nc1ncc([N+](=O)[O-])s1
1,C=C1C(=CC=C2CCCC3(C)C2CCC3C(C)CCCC(C)(C)O)CC(O)CC1O
1,OC(Cn1cncn1)(Cn1cncn1)c1ccc(F)cc1F
1,N#CC1CC2CC2N1C(=O)C(N)C12CC3CC(CC(O)(C3)C1)C2
1,CC(CN1c2ccccc2Sc2ccccc21)N(C)C
1,CC#CC(=O)N1CCCC1c1nc(-c2ccc(C(=O)Nc3ccccn3)cc2)c2c(N)nccn12
1,CC(=O)OC1(C(C)=O)CCC2C3C=C(C)C4=CC(=O)CCC4(C)C3CCC21C
1,Nc1ccn(C2OC(CO)C(O)C2(F)F)c(=O)n1
1,CCN(CC)CCOc1ccc(C(=C(Cl)c2ccccc2)c2ccccc2)cc1
1,NC(N)=Nc1nc(CSCCC(N)=NS(N)(=O)=O)cs1
1,CC(CS)C(=O)N1CCCC1C(=O)O
1,Nc1ccn(CC(CO)OCP(=O)(O)O)c(=O)n1
1,CCCC(=O)Nc1ccc(OCC(O)CNC(C)C)c(C(C)=O)c1
1,CC12CCC3c4ccc(OS(=O)(=O)O)cc4CCC3C1CCC2=O
1,N#CCC(C1CCCC1)n1cc(-c2ncnc3[nH]ccc23)cn1
1,CC(CN(C)C)CN1c2ccccc2CCc2ccccc21
1,CN1CC2c3ccccc3Oc3ccc(Cl)cc3C2C1
1,NC(=O)N1c2ccccc2C=Cc2ccccc21
1,COCCc1ccc(OCC(O)CNC(C)C)cc1
1,O=P1(NCCCl)OCCCN1CCCl
1,CC(C)NCC(O)COc1ccc(CC(N)=O)cc1
1,Cn1c(CCCC(=O)O)nc2cc(N(CCCl)CCCl)ccc21
1,Cc1cnc(NC(=O)C2=C(O)c3ccccc3S(=O)(=O)N2C)s1
1,CN1CCC23CCCCC2C1Cc1ccc(O)cc13
1,NS(=O)(=O)Cc1noc2ccccc12
1,CCN(CC)CCNC(=O)c1c(C)[nH]c(C=C2C(=O)Nc3ccc(F)cc32)c1C
1,CNCCCN1c2ccccc2CCc2ccccc21
0,O=C([O-])C1N=C(c2ccccc2)c2cc(Cl)ccc2NC1=O
1,CCCNS(=O)(=O)Nc1ncnc(OCCOc2ncc(Br)cn2)c1-c1ccc(Br)cc1
1,Cc1ccc(O)c(C(CCN(C(C)C)C(C)C)c2ccccc2)c1
1,CN1C2CCC1CC(OC(=O)C(CO)c1ccccc1)C2
0,Cn1cnc([N+](=O)[O-])c1Sc1ncnc2[n-]cnc12
0,CCC1(O)C(=O)OCc2c1cc1n(c2=O)Cc2cc3c(CN(C)C)c(O)ccc3nc2-1
0,NC(=O)NO
1,CC(C)(CCCCCC(O)CCCCCC(C)(C)C(=O)O)C(=O)O
0,CCc1cc(C(N)=S)ccn1
1,CC(=O)CCCCn1c(=O)c2c(ncn2C)n(C)c1=O
1,COc1cc2nc(N3CCN(C(=O)C4CCCO4)CC3)nc(N)c2cc1OC
0,COc1cc(Cc2cnc(N)nc2N)cc(OC)c1OC
1,Nc1ncn(C2OC(CO)C(O)C2O)c(=O)n1
1,C#CC1(O)CCC2C3CCC4=Cc5oncc5CC4(C)C3CCC21C
0,COC(=O)C=CC(=O)OCCN1C(=O)CCC1=O
1,O=C(O)CNC(=O)CNC(=O)CNC(=O)CSC(=O)c1ccccc1
0,CC(c1cc2ccccc2s1)N(O)C(N)=O
1,NS(=O)(=O)c1cc(C2(O)NC(=O)c3ccccc32)ccc1Cl
0,O=C1C(CCC(O)c2ccc(F)cc2)C(c2ccc(O)cc2)N1c1ccc(F)cc1
1,Cc1nc2n(c(=O)c1CCN1CCC(c3noc4cc(F)ccc34)CC1)CCCC2O
1,Cc1cc(Nc2ncc(Cl)c(Nc3ccccc3S(=O)(=O)C(C)C)n2)c(OC(C)C)cc1C1CCNCC1
0,CC(OC(=O)NCC1(CC(=O)O)CCCCC1)OC(=O)C(C)C
1,NS(=O)(=O)c1cc2c(cc1Cl)NC=NS2(=O)=O
0,O=c1[nH]c2cc(Cl)ccc2o1
1,Clc1ccc2nsnc2c1NC1=NCCN1
1,CNCCC(Oc1ccc(C(F)(F)F)cc1)c1ccccc1
0,Cn1nnc2c(C(N)=O)ncn2c1=O
0,NC(Cc1cc(O)c(O)cc1F)C(=O)O
1,COc1ccc2c(c1)c(CC(=O)O)c(C)n2C(=O)c1ccc(Cl)cc1
1,CC(C)CC(N(C)C)C1(c2ccc(Cl)cc2)CCC1
1,O=C1CCC(N2C(=O)c3ccccc3C2=O)C(=O)N1
1,COc1cc2nc(N(C)CCCNC(=O)C3CCCO3)nc(N)c2cc1OC
1,CCOC(=O)C1=CC(OC(CC)CC)C(NC(C)=O)C(N)C1
1,COC(=O)CCC1N=C(c2ccccn2)c2cc(Br)ccc2-n2c(C)cnc21
1,CN(C)CCOC(c1ccccc1)c1ccccc1
1,CN1C2CCCC1CC(NC(=O)c1nn(C)c3ccccc13)C2
0,Cc1ccc(-n2[nH]c(C)c(N=Nc3cccc(-c4cccc(C(=O)O)c4)c3O)c2=O)cc1C
0,Cc1cn(C2C=CC(CO)O2)c(=O)[nH]c1=O
1,CCC(C(N)=O)N1CCCC1=O
1,CC(C(=O)O)c1ccc(-c2ccccc2)c(F)c1
1,NS(=O)(=O)c1cc2c(cc1Cl)NCNS2(=O)=O
1,CCN1CC(CCN2CCOCC2)C(c2ccccc2)(c2ccccc2)C1=O
1,CN1C(=O)CN=C(c2ccccc2)c2cc(Cl)ccc21
1,O=C1CN=C(c2ccccc2Cl)c2cc([N+](=O)[O-])ccc2N1
1,COc1ccc2c3c1OC1C(O)C=CC4C(C2)N(C)CCC341
